transaction_id,timestamp,customer_id,stock_ticker,transaction_type,quantity,average_trade_size,stock_price,total_trade_amount,customer_account_type,day_name,is_weekend,is_holiday,stock_liquidity_tier,stock_sector,stock_industry
7187,2024-05-21,4955,STK018,SELL,58,203.25,133.7628235465419,7758.243765699431,Retail,Tuesday,False,False,Mid,Technology,Software
9823,2024-11-26,4955,STK017,SELL,51,207.13,214.05679509845405,10916.896550021156,Retail,Tuesday,False,False,Mid,Healthcare,Pharmaceuticals
4493,2023-11-21,182,STK013,BUY,85,267.17625,129.04688678738407,10968.985376927645,Retail,Tuesday,False,False,Mid,Energy,Utilities
1366,2023-04-07,4955,STK013,SELL,151,217.8,147.6498775673481,22295.131512669566,Retail,Friday,False,False,Mid,Energy,Utilities
9527,2024-11-05,3938,STK017,SELL,41,209.1,224.3593510305469,9198.733392252423,Retail,Tuesday,False,False,Mid,Healthcare,Pharmaceuticals
8788,2024-09-13,1157,STK020,BUY,45,195.78,58.18079848490834,2618.135931820875,Retail,Friday,False,False,Mid,Energy,Oil & Gas
5918,2024-02-19,4700,STK012,BUY,78,156.2,12.115734742031645,945.0273098784683,Institutional,Monday,False,False,High,Technology,Hardware
4969,2023-12-20,4747,STK006,SELL,133,207.43,95.04814716502288,12641.403572948044,Retail,Wednesday,False,False,High,Energy,Oil & Gas
2915,2023-08-01,3751,STK006,BUY,130,130.0,99.91322910416824,12988.71978354187,Retail,Tuesday,False,False,High,Energy,Oil & Gas
5645,2024-01-30,193,STK012,BUY,179,254.44,12.97879205738774,2323.2037782724055,Retail,Tuesday,False,False,High,Technology,Hardware
3767,2023-09-29,3938,STK006,SELL,438,195.68,117.06401838296146,51274.04005173712,Retail,Friday,False,False,High,Energy,Oil & Gas
3441,2023-09-06,193,STK018,BUY,52,235.66,201.3682923774685,10471.151203628362,Retail,Wednesday,False,False,Mid,Technology,Software
7358,2024-06-03,4362,STK013,BUY,29,146.6,124.80177996772504,3619.2516190640263,Retail,Monday,False,False,Mid,Energy,Utilities
6807,2024-04-23,4955,STK006,SELL,40,204.57,58.37044162867463,2334.817665146985,Retail,Tuesday,False,False,High,Energy,Oil & Gas
2144,2023-06-05,845,STK009,BUY,63,155.7,301.9834170451334,19024.955273843407,Retail,Monday,False,False,High,Technology,Hardware
5105,2023-12-28,3588,STK008,SELL,34,177.82,158.48478346448533,5388.482637792501,Retail,Thursday,False,False,High,Energy,Oil & Gas
5074,2023-12-26,3938,STK013,BUY,151,201.11,127.69975194454432,19282.662543626193,Retail,Tuesday,False,False,Mid,Energy,Utilities
1572,2023-04-24,193,STK006,BUY,392,201.06,122.03052800868606,47835.96697940493,Retail,Monday,False,False,High,Energy,Oil & Gas
4080,2023-10-24,3588,STK012,SELL,79,179.03,11.75730936992209,928.8274402238452,Retail,Tuesday,False,False,High,Technology,Hardware
1123,2023-03-21,2443,STK009,BUY,1026,267.17625,313.0338047420451,321172.68366533826,Retail,Tuesday,False,False,High,Technology,Hardware
2787,2023-07-24,3938,STK010,BUY,70,190.42,143.33331204365862,10033.331843056103,Retail,Monday,False,False,High,Consumer,Retail
2968,2023-08-03,193,STK017,SELL,13,230.02,122.24506626373356,1589.1858614285363,Retail,Thursday,False,False,Mid,Healthcare,Pharmaceuticals
2505,2023-07-03,4955,STK006,BUY,132,202.67,107.09012109982824,14135.895985177327,Retail,Monday,False,False,High,Energy,Oil & Gas
5989,2024-02-23,2871,STK018,BUY,272,151.1,150.83921626364938,41028.26682371263,Retail,Friday,False,False,Mid,Technology,Software
8868,2024-09-19,4955,STK012,SELL,73,206.04,7.071979948404233,516.254536233509,Retail,Thursday,False,False,High,Technology,Hardware
7165,2024-05-20,2426,STK013,SELL,147,164.96,128.77385053735608,18929.756028991345,Retail,Monday,False,False,Mid,Energy,Utilities
729,2023-02-21,3864,STK006,BUY,34,121.72625000000004,131.20168137233318,4460.857166659328,Retail,Tuesday,False,False,High,Energy,Oil & Gas
7588,2024-06-19,4651,STK013,BUY,80,267.17625,117.98555537153705,9438.844429722963,Institutional,Wednesday,False,False,Mid,Energy,Utilities
7544,2024-06-14,1420,STK013,BUY,51,121.72625000000004,118.80962596558828,6059.290924245002,Retail,Friday,False,False,Mid,Energy,Utilities
413,2023-01-26,3914,STK018,BUY,184,184.0,102.65677950468148,18888.847428861394,Retail,Thursday,False,False,Mid,Technology,Software
5746,2024-02-06,1513,STK006,BUY,66,181.53,127.7804637958795,8433.510610528047,Retail,Tuesday,False,False,High,Energy,Oil & Gas
7669,2024-06-24,1157,STK012,SELL,62,196.21,9.34315210592099,579.2754305671014,Retail,Monday,False,False,High,Technology,Hardware
826,2023-02-28,3339,STK009,BUY,170,220.25,273.93592304322846,46569.106917348836,Retail,Tuesday,False,False,High,Technology,Hardware
3268,2023-08-25,474,STK006,BUY,92,212.83,121.1198699255026,11143.028033146238,Retail,Friday,False,False,High,Energy,Oil & Gas
3975,2023-10-17,1513,STK006,BUY,130,178.46,93.50096625148356,12155.125612692864,Retail,Tuesday,False,False,High,Energy,Oil & Gas
8809,2024-09-16,3588,STK013,BUY,175,184.39,111.38365532831126,19492.13968245447,Retail,Monday,False,False,Mid,Energy,Utilities
8307,2024-08-12,4955,STK003,SELL,31,204.22,20.655421246872173,640.3180586530374,Retail,Monday,False,False,Low,Technology,Software
418,2023-01-27,3588,STK006,BUY,383,152.41,138.7917995900418,53157.25924298601,Retail,Friday,False,False,High,Energy,Oil & Gas
6749,2024-04-18,275,STK018,BUY,311,267.17625,150.4406680161206,46787.04775301351,Retail,Thursday,False,False,Mid,Technology,Software
8968,2024-09-26,3588,STK013,SELL,63,181.38,101.2867574043864,6381.065716476343,Retail,Thursday,False,False,Mid,Energy,Utilities
2083,2023-05-31,4519,STK011,SELL,279,232.61,88.2780868138643,24629.58622106814,Institutional,Wednesday,False,False,Mid,Finance,Asset Management
8946,2024-09-25,1513,STK013,BUY,66,194.63,101.00268057537085,6666.176917974476,Retail,Wednesday,False,False,Mid,Energy,Utilities
3374,2023-09-01,3588,STK012,SELL,37,179.26,14.025215630184288,518.9329783168187,Retail,Friday,False,False,High,Technology,Hardware
5727,2024-02-05,1722,STK006,BUY,1462,267.17625,122.58023863174432,179212.3088796102,Retail,Monday,False,False,High,Energy,Oil & Gas
4108,2023-10-26,4955,STK006,SELL,443,210.88,88.40530960553967,39163.552155254074,Retail,Thursday,False,False,High,Energy,Oil & Gas
4381,2023-11-13,139,STK020,BUY,104,136.0,51.555021744337566,5361.722261411107,Retail,Monday,False,True,Mid,Energy,Oil & Gas
7724,2024-06-28,4058,STK006,BUY,25,121.72625000000004,50.38408640618456,1259.602160154614,Retail,Friday,False,False,High,Energy,Oil & Gas
1067,2023-03-17,227,STK003,BUY,105,158.81,13.129658531949218,1378.6141458546679,Retail,Friday,False,False,Low,Technology,Software
3914,2023-10-11,3957,STK018,BUY,53,121.72625000000004,171.67121346116983,9098.574313442,Retail,Wednesday,False,False,Mid,Technology,Software
5537,2024-01-23,990,STK018,BUY,41,121.72625000000004,192.26577432381487,7882.89674727641,Retail,Tuesday,False,False,Mid,Technology,Software
8003,2024-07-18,182,STK007,BUY,252,263.52,133.2111250059581,33569.20350150144,Retail,Thursday,False,False,Mid,Energy,Oil & Gas
5388,2024-01-15,4955,STK013,BUY,99,207.19,122.85745051155146,12162.887600643595,Retail,Monday,False,False,Mid,Energy,Utilities
5733,2024-02-05,4955,STK009,BUY,322,212.08,411.134925291482,132385.4459438572,Retail,Monday,False,False,High,Technology,Hardware
2739,2023-07-19,4747,STK018,BUY,30,190.1,190.9582647331775,5728.747941995324,Retail,Wednesday,False,False,Mid,Technology,Software
5053,2023-12-25,4955,STK013,SELL,37,205.29,129.15214034177714,4778.629192645754,Retail,Monday,False,False,Mid,Energy,Utilities
4001,2023-10-18,2426,STK013,SELL,39,185.48,127.33323715453704,4965.9962490269445,Retail,Wednesday,False,False,Mid,Energy,Utilities
2428,2023-06-26,4955,STK019,BUY,37,205.42,62.06112372595645,2296.2615778603886,Retail,Monday,False,False,Mid,Energy,Oil & Gas
6834,2024-04-24,845,STK017,BUY,27,184.48,129.22793260418095,3489.1541803128857,Retail,Wednesday,False,False,Mid,Healthcare,Pharmaceuticals
1688,2023-05-02,2469,STK002,BUY,24,121.72625000000004,151.48570744260144,3635.6569786224345,Retail,Tuesday,False,False,Low,Consumer,Retail
852,2023-03-01,474,STK018,BUY,85,267.17625,144.76276107542992,12304.834691411543,Retail,Wednesday,False,False,Mid,Technology,Software
6304,2024-03-18,4747,STK013,SELL,38,200.74,118.60574690730834,4507.018382477717,Retail,Monday,False,False,Mid,Energy,Utilities
9088,2024-10-04,1185,STK007,BUY,40,251.12,146.22314798809893,5848.925919523957,Institutional,Friday,False,False,Mid,Energy,Oil & Gas
5879,2024-02-15,956,STK007,BUY,43,121.72625000000004,150.37578052948487,6466.15856276785,Retail,Thursday,False,False,Mid,Energy,Oil & Gas
8528,2024-08-27,837,STK019,BUY,118,243.5,35.775811638975114,4221.545773399063,Retail,Tuesday,False,False,Mid,Energy,Oil & Gas
2840,2023-07-26,3375,STK009,BUY,673,267.17625,348.3358301612513,234430.01369852212,Retail,Wednesday,False,False,High,Technology,Hardware
4612,2023-11-28,4747,STK013,SELL,89,201.35,126.8877696132272,11293.01149557722,Retail,Tuesday,False,False,Mid,Energy,Utilities
9541,2024-11-06,4747,STK012,SELL,339,204.11,6.609284008763456,2240.5472789708115,Retail,Wednesday,False,False,High,Technology,Hardware
9208,2024-10-11,845,STK012,BUY,203,185.21,7.854693390303366,1594.5027582315834,Retail,Friday,False,False,High,Technology,Hardware
2490,2023-06-30,4747,STK006,SELL,23,191.36,116.67314674176788,2683.482375060661,Retail,Friday,False,False,High,Energy,Oil & Gas
6906,2024-04-30,1513,STK018,SELL,478,187.62,132.82674351501723,63491.18340017823,Retail,Tuesday,False,False,Mid,Technology,Software
7391,2024-06-05,4747,STK006,SELL,23,203.37,48.95643664828199,1125.9980429104858,Retail,Wednesday,False,False,High,Energy,Oil & Gas
2850,2023-07-27,2159,STK002,BUY,27,121.72625000000004,172.51174729289437,4657.817176908148,Retail,Thursday,False,False,Low,Consumer,Retail
6666,2024-04-11,193,STK012,SELL,249,253.55,13.72534040268586,3417.609760268779,Retail,Thursday,False,False,High,Technology,Hardware
5882,2024-02-15,3938,STK009,SELL,341,206.99,387.72610112274697,132214.6004828567,Retail,Thursday,False,False,High,Technology,Hardware
4453,2023-11-20,1513,STK006,BUY,104,178.06,89.18750442724192,9275.500460433159,Retail,Monday,False,False,High,Energy,Oil & Gas
7422,2024-06-06,1513,STK009,BUY,1402,188.8,596.6952553404793,836566.747987352,Retail,Thursday,False,False,High,Technology,Hardware
6485,2024-03-29,4747,STK018,BUY,236,201.71,144.30810267405508,34056.712231077,Retail,Friday,False,False,Mid,Technology,Software
2480,2023-06-29,4747,STK010,BUY,408,192.43,148.27844878691087,60497.60710505964,Retail,Thursday,False,False,High,Consumer,Retail
6618,2024-04-09,2988,STK006,BUY,209,242.39,59.54877777064443,12445.694554064685,Retail,Tuesday,False,False,High,Energy,Oil & Gas
2142,2023-06-05,4905,STK006,BUY,138,138.0,121.8371577088098,16813.527763815753,Retail,Monday,False,False,High,Energy,Oil & Gas
5189,2024-01-02,2946,STK013,SELL,50,176.36,125.71262663339364,6285.631331669682,Retail,Tuesday,False,False,Mid,Energy,Utilities
9705,2024-11-19,4955,STK009,BUY,421,205.22,485.3971183069607,204352.18680723046,Retail,Tuesday,False,False,High,Technology,Hardware
2745,2023-07-20,4035,STK006,BUY,60,121.72625000000004,100.12457538644536,6007.474523186722,Retail,Thursday,False,False,High,Energy,Oil & Gas
7254,2024-05-27,4747,STK005,SELL,34,202.11,136.98922350204774,4657.633599069623,Retail,Monday,False,False,Low,Energy,Renewables
3507,2023-09-11,1794,STK020,BUY,84,162.0,67.5963320798202,5678.091894704897,Retail,Monday,False,False,Mid,Energy,Oil & Gas
1680,2023-05-01,227,STK013,SELL,46,155.59,152.4953483818828,7014.786025566608,Retail,Monday,False,False,Mid,Energy,Utilities
4250,2023-11-03,3961,STK013,BUY,1244,267.17625,129.43709804484607,161019.74996778852,Retail,Friday,False,False,Mid,Energy,Utilities
3148,2023-08-17,4747,STK006,SELL,17,189.33,128.4209124879972,2183.1555122959526,Retail,Thursday,False,False,High,Energy,Oil & Gas
8131,2024-07-29,4747,STK006,SELL,58,200.91,48.1982487339256,2795.498426567685,Retail,Monday,False,True,High,Energy,Oil & Gas
7005,2024-05-08,4341,STK006,BUY,226,226.0,47.18382656595409,10663.544803905625,Retail,Wednesday,False,False,High,Energy,Oil & Gas
581,2023-02-08,3163,STK006,BUY,233,133.75,132.03471825831284,30764.08935418689,Retail,Wednesday,False,False,High,Energy,Oil & Gas
4071,2023-10-24,570,STK010,BUY,1118,267.17625,146.99781532612732,164343.55753461036,Institutional,Tuesday,False,False,High,Consumer,Retail
3344,2023-08-31,336,STK006,BUY,182,121.72625000000004,116.45046879255656,21193.985320245294,Retail,Thursday,False,False,High,Energy,Oil & Gas
7405,2024-06-05,1513,STK013,BUY,31,185.13,125.62642461398642,3894.419163033579,Retail,Wednesday,False,False,Mid,Energy,Utilities
3673,2023-09-22,4646,STK006,BUY,134,149.0,114.9815229863058,15407.524080164978,Retail,Friday,False,False,High,Energy,Oil & Gas
560,2023-02-07,3938,STK011,BUY,61,208.54,70.8033799560764,4319.00617732066,Retail,Tuesday,False,False,Mid,Finance,Asset Management
5238,2024-01-04,4747,STK018,BUY,14,205.77,211.30492832023023,2958.2689964832234,Retail,Thursday,False,False,Mid,Technology,Software
7806,2024-07-04,3588,STK008,BUY,613,184.3,140.77594141450075,86295.65208708897,Retail,Thursday,False,False,High,Energy,Oil & Gas
513,2023-02-02,4747,STK018,BUY,144,156.23,119.15168973470844,17157.843321798016,Retail,Thursday,False,False,Mid,Technology,Software
1082,2023-03-17,4023,STK018,SELL,15,267.17625,157.49108921224766,2362.366338183715,Retail,Friday,False,False,Mid,Technology,Software
1665,2023-04-28,4519,STK019,BUY,107,227.21,67.48201941428009,7220.57607732797,Institutional,Friday,False,False,Mid,Energy,Oil & Gas
9205,2024-10-11,4757,STK010,BUY,636,267.17625,327.0500877046507,208003.85578015784,Retail,Friday,False,False,High,Consumer,Retail
1932,2023-05-19,4955,STK012,SELL,32,209.68,19.152907646775432,612.8930446968138,Retail,Friday,False,False,High,Technology,Hardware
9667,2024-11-15,4836,STK006,SELL,36,188.75,52.54948485928188,1891.7814549341479,Retail,Friday,False,False,High,Energy,Oil & Gas
1151,2023-03-22,4700,STK019,BUY,411,245.25,86.21221260683872,35433.219381410716,Institutional,Wednesday,False,False,Mid,Energy,Oil & Gas
2839,2023-07-26,4955,STK009,BUY,173,202.49,348.3358301612513,60262.098617896474,Retail,Wednesday,False,False,High,Technology,Hardware
5950,2024-02-21,4519,STK017,BUY,512,207.51,144.2384747095755,73850.09905130266,Institutional,Wednesday,False,False,Mid,Healthcare,Pharmaceuticals
8309,2024-08-12,4023,STK006,BUY,289,176.15,41.778649891110895,12074.02981853105,Retail,Monday,False,False,High,Energy,Oil & Gas
8933,2024-09-25,3938,STK009,SELL,69,208.31,461.5280615188088,31845.436244797806,Retail,Wednesday,False,False,High,Technology,Hardware
9789,2024-11-25,4331,STK012,BUY,354,267.17625,7.334003914691911,2596.2373858009364,Retail,Monday,False,False,High,Technology,Hardware
5178,2024-01-02,2652,STK009,BUY,524,267.17625,407.0054922434156,213270.87793554977,Retail,Tuesday,False,False,High,Technology,Hardware
831,2023-02-28,2616,STK012,BUY,82,121.72625000000004,23.459861616364933,1923.7086525419245,Retail,Tuesday,False,False,High,Technology,Hardware
8312,2024-08-12,3108,STK006,BUY,120,121.72625000000004,41.778649891110895,5013.437986933307,Retail,Monday,False,False,High,Energy,Oil & Gas
4753,2023-12-07,901,STK003,BUY,27,267.17625,18.448311942877663,498.1044224576969,Retail,Thursday,False,False,Low,Technology,Software
9851,2024-11-28,3938,STK005,SELL,40,212.36,161.975244618601,6479.00978474404,Retail,Thursday,False,False,Low,Energy,Renewables
636,2023-02-13,193,STK012,SELL,23,195.67,26.24561786833788,603.6492109717713,Retail,Monday,False,False,High,Technology,Hardware
4466,2023-11-20,1766,STK012,SELL,80,267.17625,11.971079263335437,957.686341066835,Retail,Monday,False,False,High,Technology,Hardware
6800,2024-04-22,4023,STK013,SELL,44,183.08,122.45907470478558,5388.199287010565,Retail,Monday,False,False,Mid,Energy,Utilities
7988,2024-07-17,4519,STK012,BUY,1087,218.23,9.288516207457793,10096.617117506621,Institutional,Wednesday,False,False,High,Technology,Hardware
7080,2024-05-13,192,STK016,BUY,40,267.17625,124.66651052321208,4986.660420928483,Retail,Monday,False,False,Low,Energy,Renewables
6967,2024-05-06,4955,STK011,SELL,197,204.79,74.90626835589545,14756.534866111404,Retail,Monday,False,False,Mid,Finance,Asset Management
4143,2023-10-27,4747,STK012,SELL,205,202.78,11.725838565476014,2403.796905922583,Retail,Friday,False,False,High,Technology,Hardware
7028,2024-05-09,2970,STK009,SELL,40,224.2,456.5165768355466,18260.663073421863,Retail,Thursday,False,False,High,Technology,Hardware
9184,2024-10-10,3938,STK009,BUY,960,210.81,493.1236344436526,473398.68906590645,Retail,Thursday,False,False,High,Technology,Hardware
877,2023-03-03,474,STK006,BUY,557,267.17625,144.71537371726515,80606.4631605167,Retail,Friday,False,False,High,Energy,Oil & Gas
4870,2023-12-14,4508,STK002,BUY,32,121.72625000000004,228.792032283885,7321.34503308432,Institutional,Thursday,False,False,Low,Consumer,Retail
5316,2024-01-10,2750,STK009,SELL,92,172.33,372.1920717280256,34241.67059897836,Retail,Wednesday,False,False,High,Technology,Hardware
5223,2024-01-04,192,STK006,SELL,166,267.17625,120.60251497467635,20020.017485796274,Retail,Thursday,False,False,High,Energy,Oil & Gas
5,2023-01-02,3938,STK006,BUY,203,203.0,136.61322857985922,27732.485401711423,Retail,Monday,False,False,High,Energy,Oil & Gas
3052,2023-08-10,227,STK011,SELL,32,191.43,79.65091415306509,2548.829252898083,Retail,Thursday,False,False,Mid,Finance,Asset Management
5692,2024-02-01,4747,STK009,BUY,145,201.45,390.5343385263919,56627.47908632682,Retail,Thursday,False,False,High,Technology,Hardware
3125,2023-08-15,1513,STK020,SELL,284,203.41,75.4412563340987,21425.31679888403,Retail,Tuesday,False,False,Mid,Energy,Oil & Gas
2492,2023-06-30,3736,STK006,BUY,41,121.72625000000004,116.67314674176788,4783.599016412483,Retail,Friday,False,False,High,Energy,Oil & Gas
3855,2023-10-06,3938,STK006,SELL,90,192.33,107.03333899200018,9633.000509280017,Retail,Friday,False,False,High,Energy,Oil & Gas
4778,2023-12-07,2750,STK019,BUY,160,182.38,31.99965727022857,5119.945163236572,Retail,Thursday,False,False,Mid,Energy,Oil & Gas
7510,2024-06-12,2946,STK010,BUY,42,177.0,245.99442585729804,10331.765886006518,Retail,Wednesday,False,False,High,Consumer,Retail
6458,2024-03-28,4955,STK012,BUY,239,206.36,14.153701903352143,3382.7347549011624,Retail,Thursday,False,False,High,Technology,Hardware
6294,2024-03-18,4747,STK002,BUY,19,200.98,285.0026409973998,5415.050178950596,Retail,Monday,False,False,Low,Consumer,Retail
1149,2023-03-22,2506,STK018,BUY,49,121.72625000000004,166.29790854231223,8148.5975185733,Retail,Wednesday,False,False,Mid,Technology,Software
575,2023-02-08,3668,STK002,BUY,16,121.72625000000004,145.01986088077618,2320.317774092419,Retail,Wednesday,False,False,Low,Consumer,Retail
3770,2023-09-29,1513,STK007,BUY,15,184.86,140.07109525929795,2101.066428889469,Retail,Friday,False,False,Mid,Energy,Oil & Gas
4147,2023-10-27,3938,STK013,BUY,730,206.75,131.7893624804091,96206.23461069864,Retail,Friday,False,False,Mid,Energy,Utilities
854,2023-03-02,3772,STK002,BUY,41,141.4,152.6454078107286,6258.461720239873,Retail,Thursday,False,False,Low,Consumer,Retail
5920,2024-02-19,4747,STK012,BUY,737,202.3,12.115734742031645,8929.296504877322,Retail,Monday,False,False,High,Technology,Hardware
9359,2024-10-22,4747,STK013,SELL,261,204.32,95.12243815916744,24826.956359542703,Retail,Tuesday,False,False,Mid,Energy,Utilities
6615,2024-04-09,4023,STK006,SELL,264,185.45,59.54877777064443,15720.877331450129,Retail,Tuesday,False,False,High,Energy,Oil & Gas
6003,2024-02-26,4747,STK012,SELL,177,202.13,10.5317408274918,1864.1181264660486,Retail,Monday,False,False,High,Technology,Hardware
9164,2024-10-09,845,STK009,BUY,367,185.12,475.73375563352965,174594.2883175054,Retail,Wednesday,False,False,High,Technology,Hardware
4496,2023-11-21,1438,STK018,BUY,238,256.29,232.2051503669756,55264.825787340196,Retail,Tuesday,False,False,Mid,Technology,Software
8174,2024-08-01,1157,STK012,BUY,38,199.55,8.653473470089963,328.8319918634186,Retail,Thursday,False,False,High,Technology,Hardware
6656,2024-04-11,2454,STK006,BUY,66,121.72625000000004,58.78002989932613,3879.4819733555246,Retail,Thursday,False,False,High,Energy,Oil & Gas
2369,2023-06-20,4747,STK012,BUY,57,193.09,20.752320488760866,1182.8822678593694,Retail,Tuesday,False,False,High,Technology,Hardware
4781,2023-12-08,4747,STK003,SELL,27,207.03,18.6001830929152,502.20494350871036,Retail,Friday,False,False,Low,Technology,Software
7993,2024-07-17,4747,STK018,BUY,20,202.01,105.54287341862188,2110.857468372438,Retail,Wednesday,False,False,Mid,Technology,Software
2951,2023-08-02,4196,STK017,BUY,90,121.72625000000004,117.78308593826648,10600.477734443983,Retail,Wednesday,False,False,Mid,Healthcare,Pharmaceuticals
5626,2024-01-29,474,STK012,BUY,196,222.32,12.755126631446997,2500.0048197636115,Retail,Monday,False,False,High,Technology,Hardware
6972,2024-05-06,4990,STK012,SELL,184,209.83,10.514221367687474,1934.6167316544952,Retail,Monday,False,False,High,Technology,Hardware
8717,2024-09-10,4747,STK018,SELL,72,202.68,104.4288495657269,7518.877168732337,Retail,Tuesday,False,False,Mid,Technology,Software
1842,2023-05-15,1185,STK007,BUY,30,267.17625,148.25952394078928,4447.7857182236785,Institutional,Monday,False,False,Mid,Energy,Oil & Gas
5987,2024-02-23,845,STK012,BUY,397,177.57,10.92766214053363,4338.281869791851,Retail,Friday,False,False,High,Technology,Hardware
538,2023-02-06,2318,STK012,BUY,182,182.0,24.832916053942164,4519.590721817473,Retail,Monday,False,False,High,Technology,Hardware
2807,2023-07-25,474,STK003,BUY,124,221.67,16.193913596290813,2008.0452859400607,Retail,Tuesday,False,False,Low,Technology,Software
5802,2024-02-08,845,STK020,SELL,56,177.58,49.701616978454766,2783.290550793467,Retail,Thursday,False,False,Mid,Energy,Oil & Gas
5597,2024-01-26,4955,STK006,SELL,144,211.89,145.65422408708534,20974.20826854029,Retail,Friday,False,False,High,Energy,Oil & Gas
7207,2024-05-22,2426,STK013,SELL,67,166.85,127.69580433137205,8555.618890201928,Retail,Wednesday,False,False,Mid,Energy,Utilities
7344,2024-06-03,3759,STK006,BUY,199,160.0,50.1955610120327,9988.916641394508,Retail,Monday,False,False,High,Energy,Oil & Gas
7561,2024-06-17,1835,STK018,BUY,33,121.72625000000004,114.52061114592748,3779.1801678156066,Retail,Monday,False,False,Mid,Technology,Software
8097,2024-07-25,4747,STK008,SELL,180,201.35,146.6933907823342,26404.810340820157,Retail,Thursday,False,False,High,Energy,Oil & Gas
785,2023-02-24,1157,STK004,BUY,18,222.36,45.85733712176624,825.4320681917924,Retail,Friday,False,False,Low,Finance,Asset Management
1410,2023-04-11,1157,STK018,BUY,282,208.85,152.11163994911206,42895.4824656496,Retail,Tuesday,False,True,Mid,Technology,Software
155,2023-01-11,563,STK018,BUY,71,121.72625000000004,104.9955738233964,7454.685741461144,Institutional,Wednesday,False,False,Mid,Technology,Software
7807,2024-07-04,3655,STK008,BUY,119,152.5,140.77594141450075,16752.33702832559,Institutional,Thursday,False,False,High,Energy,Oil & Gas
3010,2023-08-08,3933,STK006,BUY,841,267.17625,104.44955521112809,87842.07593255871,Retail,Tuesday,False,False,High,Energy,Oil & Gas
1687,2023-05-01,474,STK020,SELL,30,267.17625,74.86571501176905,2245.9714503530718,Retail,Monday,False,False,Mid,Energy,Oil & Gas
4015,2023-10-19,4747,STK009,SELL,62,204.63,330.14596752591154,20469.049986606515,Retail,Thursday,False,False,High,Technology,Hardware
7456,2024-06-07,3588,STK013,SELL,127,184.98,123.63628869560966,15701.808664342427,Retail,Friday,False,False,Mid,Energy,Utilities
3864,2023-10-06,3163,STK013,BUY,18,267.17625,132.4318615269516,2383.773507485129,Retail,Friday,False,False,Mid,Energy,Utilities
2734,2023-07-19,2721,STK010,BUY,121,121.72625000000004,152.1524412988887,18410.445397165535,Retail,Wednesday,False,False,High,Consumer,Retail
1896,2023-05-18,3165,STK003,BUY,55,121.72625000000004,14.764212041807918,812.0316622994354,Retail,Thursday,False,False,Low,Technology,Software
5443,2024-01-17,3781,STK018,BUY,78,121.72625000000004,190.2429500238506,14838.950101860346,Retail,Wednesday,False,False,Mid,Technology,Software
570,2023-02-07,537,STK017,BUY,76,121.72625000000004,184.347042339306,14010.375217787256,Retail,Tuesday,False,False,Mid,Healthcare,Pharmaceuticals
6710,2024-04-16,193,STK007,SELL,45,253.99,164.3679032126415,7396.555644568867,Retail,Tuesday,False,False,Mid,Energy,Oil & Gas
5855,2024-02-13,2707,STK018,BUY,57,188.55,151.9993187402051,8663.96116819169,Retail,Tuesday,False,False,Mid,Technology,Software
1817,2023-05-12,1157,STK005,BUY,33,181.65,85.62905970147304,2825.7589701486104,Retail,Friday,False,False,Low,Energy,Renewables
8320,2024-08-12,845,STK012,BUY,112,188.96,8.945831829678772,1001.9331649240224,Retail,Monday,False,False,High,Technology,Hardware
3395,2023-09-04,3588,STK012,SELL,65,178.37,14.30467238147723,929.8037047960199,Retail,Monday,False,False,High,Technology,Hardware
3328,2023-08-30,1513,STK006,SELL,170,195.86,120.43936454963156,20474.691973437366,Retail,Wednesday,False,False,High,Energy,Oil & Gas
9983,2024-12-05,490,STK007,BUY,193,193.0,120.89189110196456,23332.13498267916,Retail,Thursday,False,False,Mid,Energy,Oil & Gas
6103,2024-03-04,4955,STK015,SELL,32,208.08,15.533405298137964,497.06896954041486,Retail,Monday,False,False,Low,Energy,Utilities
2976,2023-08-04,4955,STK006,BUY,458,204.44,103.26034394431656,47293.23752649698,Retail,Friday,False,False,High,Energy,Oil & Gas
981,2023-03-10,1185,STK012,BUY,149,267.17625,24.65536398628544,3673.6492339565307,Institutional,Friday,False,False,High,Technology,Hardware
191,2023-01-13,473,STK008,BUY,54,121.72625000000004,156.44350322205602,8447.949173991025,Retail,Friday,False,False,High,Energy,Oil & Gas
9332,2024-10-21,4747,STK017,SELL,125,204.42,211.50515664428303,26438.14458053538,Retail,Monday,False,False,Mid,Healthcare,Pharmaceuticals
5089,2023-12-27,2372,STK009,BUY,405,170.54,376.80407913533327,152605.65204980999,Retail,Wednesday,False,False,High,Technology,Hardware
700,2023-02-17,1094,STK012,BUY,295,267.17625,26.31273932769021,7762.258101668612,Retail,Friday,False,False,High,Technology,Hardware
9760,2024-11-22,3938,STK010,BUY,970,213.63,378.0795133422818,366737.1279420134,Retail,Friday,False,False,High,Consumer,Retail
607,2023-02-09,1652,STK017,BUY,47,121.72625000000004,178.26140390582788,8378.285983573911,Institutional,Thursday,False,False,Mid,Healthcare,Pharmaceuticals
302,2023-01-19,4955,STK019,SELL,124,189.21,96.96339102671828,12023.460487313067,Retail,Thursday,False,False,Mid,Energy,Oil & Gas
3421,2023-09-06,4747,STK006,SELL,12,198.68,115.20742675644024,1382.489121077283,Retail,Wednesday,False,False,High,Energy,Oil & Gas
9805,2024-11-26,1090,STK006,BUY,104,201.0,46.76839071468387,4863.912634327122,Institutional,Tuesday,False,False,High,Energy,Oil & Gas
1061,2023-03-16,845,STK013,BUY,14,121.72625000000004,156.09382170894733,2185.3135039252625,Retail,Thursday,False,False,Mid,Energy,Utilities
3445,2023-09-07,4747,STK006,SELL,159,200.47,108.56336595338983,17261.575186588983,Retail,Thursday,False,False,High,Energy,Oil & Gas
1070,2023-03-17,4023,STK006,SELL,206,267.17625,147.91924597472536,30471.364670793424,Retail,Friday,False,False,High,Energy,Oil & Gas
2206,2023-06-08,3665,STK012,BUY,588,267.17625,19.019995907870346,11183.757593827764,Retail,Thursday,False,False,High,Technology,Hardware
9436,2024-10-29,363,STK002,BUY,29,267.17625,354.6544112511048,10284.97792628204,Retail,Tuesday,False,False,Low,Consumer,Retail
7340,2024-05-31,2093,STK018,SELL,93,267.17625,112.0906530893294,10424.430737307634,Retail,Friday,False,False,Mid,Technology,Software
8209,2024-08-02,4955,STK017,SELL,18,203.7,174.05950666543524,3133.0711199778343,Retail,Friday,False,False,Mid,Healthcare,Pharmaceuticals
7680,2024-06-25,4747,STK006,BUY,729,202.13,48.29532620113042,35207.292800624076,Retail,Tuesday,False,False,High,Energy,Oil & Gas
4643,2023-11-30,319,STK006,BUY,242,267.17625,88.60283884123474,21441.886999578808,Retail,Thursday,False,False,High,Energy,Oil & Gas
7684,2024-06-25,4955,STK011,SELL,54,206.75,78.14938214801644,4220.066635992888,Retail,Tuesday,False,False,Mid,Finance,Asset Management
9008,2024-09-30,2185,STK011,BUY,38,121.72625000000004,83.29044249700767,3165.0368148862917,Institutional,Monday,False,False,Mid,Finance,Asset Management
7997,2024-07-17,3938,STK020,BUY,193,206.29,49.08184416083835,9472.795923041802,Retail,Wednesday,False,False,Mid,Energy,Oil & Gas
5601,2024-01-26,3437,STK006,BUY,143,143.0,145.65422408708534,20828.554044453205,Retail,Friday,False,False,High,Energy,Oil & Gas
9152,2024-10-08,4023,STK019,BUY,32,172.62,36.48837952149075,1167.628144687704,Retail,Tuesday,False,False,Mid,Energy,Oil & Gas
7023,2024-05-08,4747,STK020,SELL,36,203.47,52.01933765959454,1872.6961557454035,Retail,Wednesday,False,False,Mid,Energy,Oil & Gas
4894,2023-12-15,980,STK006,BUY,108,121.72625000000004,89.69076171451827,9686.602265167974,Retail,Friday,False,False,High,Energy,Oil & Gas
226,2023-01-17,3588,STK006,SELL,274,154.08,133.89312833496604,36686.7171637807,Retail,Tuesday,False,False,High,Energy,Oil & Gas
3355,2023-08-31,193,STK012,BUY,826,236.88,14.526979639179364,11999.285181962156,Retail,Thursday,False,False,High,Technology,Hardware
5896,2024-02-16,1513,STK009,BUY,409,182.62,406.9206003159839,166430.5255292374,Retail,Friday,False,False,High,Technology,Hardware
8755,2024-09-12,1099,STK006,BUY,204,204.0,42.17005149438575,8602.690504854694,Retail,Thursday,False,False,High,Energy,Oil & Gas
3437,2023-09-06,1513,STK017,SELL,86,193.24,126.07490554428256,10842.4418768083,Retail,Wednesday,False,False,Mid,Healthcare,Pharmaceuticals
1694,2023-05-02,1594,STK007,BUY,99,121.72625000000004,154.98764828389832,15343.777180105933,Retail,Tuesday,False,False,Mid,Energy,Oil & Gas
6894,2024-04-30,4747,STK010,BUY,240,203.07,315.3620185324199,75686.88444778077,Retail,Tuesday,False,False,High,Consumer,Retail
1046,2023-03-15,3363,STK013,BUY,79,231.33,154.69758423254115,12221.10915437075,Retail,Wednesday,False,False,Mid,Energy,Utilities
3447,2023-09-07,3163,STK006,BUY,114,267.17625,108.56336595338983,12376.22371868644,Retail,Thursday,False,False,High,Energy,Oil & Gas
8051,2024-07-23,4955,STK006,BUY,186,205.79,43.17337479353137,8030.247711596835,Retail,Tuesday,False,False,High,Energy,Oil & Gas
9147,2024-10-08,60,STK017,BUY,528,256.0,218.05532073260687,115133.20934681642,Retail,Tuesday,False,False,Mid,Healthcare,Pharmaceuticals
9982,2024-12-05,4747,STK006,BUY,39,205.98,46.35637451555417,1807.8986061066128,Retail,Thursday,False,False,High,Energy,Oil & Gas
4736,2023-12-06,3938,STK008,SELL,198,204.93,148.53901219394987,29410.724414402073,Retail,Wednesday,False,False,High,Energy,Oil & Gas
4497,2023-11-21,4955,STK020,SELL,200,206.05,51.50255021743086,10300.510043486172,Retail,Tuesday,False,False,Mid,Energy,Oil & Gas
1219,2023-03-29,3588,STK002,BUY,65,181.47,165.932053237646,10785.58346044699,Retail,Wednesday,False,False,Low,Consumer,Retail
6016,2024-02-27,2352,STK006,BUY,316,256.75,82.13230640961297,25953.808825437696,Retail,Tuesday,False,False,High,Energy,Oil & Gas
9720,2024-11-20,2003,STK009,BUY,312,267.17625,485.87508814412087,151593.02750096572,Retail,Wednesday,False,False,High,Technology,Hardware
3988,2023-10-18,845,STK006,BUY,98,179.08,90.372182961701,8856.473930246699,Retail,Wednesday,False,False,High,Energy,Oil & Gas
4912,2023-12-15,3938,STK018,BUY,151,203.33,230.5834463369268,34818.10039687595,Retail,Friday,False,False,Mid,Technology,Software
9493,2024-11-01,193,STK010,BUY,46,247.39,347.13576551147787,15968.245213527982,Retail,Friday,False,False,High,Consumer,Retail
4494,2023-11-21,1513,STK017,BUY,51,176.61,150.69176213984758,7685.279869132227,Retail,Tuesday,False,False,Mid,Healthcare,Pharmaceuticals
6945,2024-05-03,4747,STK006,SELL,354,202.68,53.28262400454969,18862.04889761059,Retail,Friday,False,False,High,Energy,Oil & Gas
5700,2024-02-01,3938,STK018,BUY,880,206.21,167.5863589123933,147475.99584290612,Retail,Thursday,False,False,Mid,Technology,Software
8353,2024-08-14,4747,STK019,BUY,52,200.91,34.821240555242795,1810.7045088726254,Retail,Wednesday,False,False,Mid,Energy,Oil & Gas
957,2023-03-09,193,STK003,BUY,27,202.22,13.079123520139673,353.13633504377117,Retail,Thursday,False,False,Low,Technology,Software
2870,2023-07-27,3938,STK017,SELL,50,188.17,125.12561694255692,6256.280847127846,Retail,Thursday,False,False,Mid,Healthcare,Pharmaceuticals
4434,2023-11-17,1049,STK006,BUY,218,181.12,87.76392117263573,19132.53481563459,Retail,Friday,False,False,High,Energy,Oil & Gas
4974,2023-12-20,4955,STK009,BUY,96,206.0,387.0494638671653,37156.74853124787,Retail,Wednesday,False,False,High,Technology,Hardware
2962,2023-08-03,3588,STK012,BUY,146,172.57,15.914820710680225,2323.563823759313,Retail,Thursday,False,False,High,Technology,Hardware
2201,2023-06-08,4955,STK006,BUY,51,203.33,122.01219785561386,6222.622090636307,Retail,Thursday,False,False,High,Energy,Oil & Gas
99,2023-01-06,2034,STK006,BUY,99,121.72625000000004,125.3567361879294,12410.316882605011,Retail,Friday,False,False,High,Energy,Oil & Gas
9850,2024-11-28,1513,STK003,SELL,68,193.77,32.4715814661157,2208.0675396958677,Retail,Thursday,False,False,Low,Technology,Software
2558,2023-07-05,1816,STK012,SELL,24,150.18,19.48543484679733,467.65043632313586,Retail,Wednesday,False,False,High,Technology,Hardware
8446,2024-08-21,4066,STK009,BUY,69,208.0,439.0987989847823,30297.81712994998,Retail,Wednesday,False,False,High,Technology,Hardware
4200,2023-11-01,121,STK006,BUY,366,209.5,87.52554365805378,32034.348978847684,Retail,Wednesday,False,False,High,Energy,Oil & Gas
9638,2024-11-13,3163,STK012,SELL,33,263.72,6.524979688478688,215.3243297197967,Retail,Wednesday,False,True,High,Technology,Hardware
5540,2024-01-23,4955,STK018,SELL,21,208.31,192.26577432381487,4037.5812608001124,Retail,Tuesday,False,False,Mid,Technology,Software
1649,2023-04-28,3699,STK007,BUY,68,267.17625,157.13716914424108,10685.327501808393,Retail,Friday,False,False,Mid,Energy,Oil & Gas
6198,2024-03-11,4747,STK012,SELL,119,201.53,12.160939602223149,1447.1518126645547,Retail,Monday,False,False,High,Technology,Hardware
6296,2024-03-18,3938,STK006,SELL,99,203.91,68.40405381534526,6772.001327719181,Retail,Monday,False,False,High,Energy,Oil & Gas
4500,2023-11-22,4955,STK006,SELL,102,205.81,88.71890401344824,9049.32820937172,Retail,Wednesday,False,False,High,Energy,Oil & Gas
1155,2023-03-23,1086,STK006,BUY,241,241.0,124.05588357304404,29897.467941103616,Retail,Thursday,False,True,High,Energy,Oil & Gas
2256,2023-06-13,182,STK003,BUY,84,267.17625,15.63658739685404,1313.4733413357394,Retail,Tuesday,False,False,Low,Technology,Software
3171,2023-08-18,3278,STK009,BUY,93,121.72625000000004,349.04697150941206,32461.36835037532,Retail,Friday,False,False,High,Technology,Hardware
7401,2024-06-05,845,STK012,SELL,418,187.57,9.80436488600038,4098.224522348159,Retail,Wednesday,False,False,High,Technology,Hardware
7159,2024-05-20,3686,STK007,BUY,90,267.17625,128.9139356276245,11602.254206486206,Retail,Monday,False,False,Mid,Energy,Oil & Gas
3109,2023-08-15,4747,STK006,SELL,169,189.82,116.56681694454412,19699.792063627956,Retail,Tuesday,False,False,High,Energy,Oil & Gas
4549,2023-11-24,193,STK006,SELL,158,267.17625,84.52521132414795,13354.983389215375,Retail,Friday,False,False,High,Energy,Oil & Gas
5424,2024-01-17,4747,STK006,BUY,432,204.49,142.57486982701903,61592.34376527222,Retail,Wednesday,False,False,High,Energy,Oil & Gas
2050,2023-05-30,3938,STK006,BUY,426,174.03,120.5720078574881,51363.67534728993,Retail,Tuesday,False,False,High,Energy,Oil & Gas
9209,2024-10-11,1513,STK012,BUY,932,199.01,7.854693390303366,7320.574239762737,Retail,Friday,False,False,High,Technology,Hardware
8816,2024-09-17,3588,STK005,BUY,74,183.73,122.8878950947344,9093.704237010346,Retail,Tuesday,False,False,Low,Energy,Renewables
9798,2024-11-25,4955,STK019,BUY,109,207.69,42.320330060707896,4612.915976617161,Retail,Monday,False,False,Mid,Energy,Oil & Gas
263,2023-01-18,4955,STK009,SELL,39,200.5,227.1525160933904,8858.948127642227,Retail,Wednesday,False,False,High,Technology,Hardware
4062,2023-10-24,474,STK006,BUY,830,213.23,93.31461941032993,77451.13411057384,Retail,Tuesday,False,False,High,Energy,Oil & Gas
5535,2024-01-23,2461,STK015,BUY,57,121.72625000000004,15.100396241890396,860.7225857877526,Retail,Tuesday,False,False,Low,Energy,Utilities
6617,2024-04-09,4747,STK006,BUY,495,202.99,59.54877777064443,29476.644996468993,Retail,Tuesday,False,False,High,Energy,Oil & Gas
8121,2024-07-26,845,STK011,BUY,109,190.09,90.53900286468526,9868.751312250693,Retail,Friday,False,True,Mid,Finance,Asset Management
8156,2024-07-31,1157,STK013,BUY,129,200.42,113.9056573055268,14693.829792412958,Retail,Wednesday,False,False,Mid,Energy,Utilities
1803,2023-05-11,1766,STK009,BUY,430,267.17625,319.1845830883988,137249.3707280115,Retail,Thursday,False,False,High,Technology,Hardware
4737,2023-12-06,845,STK009,BUY,573,178.08,418.8983822859481,240028.77304984827,Retail,Wednesday,False,False,High,Technology,Hardware
2386,2023-06-21,3938,STK016,BUY,197,171.47,64.57762295948395,12721.791723018338,Retail,Wednesday,False,False,Low,Energy,Renewables
6695,2024-04-15,4747,STK012,BUY,1144,203.53,12.718193887489484,14549.61380728797,Retail,Monday,False,False,High,Technology,Hardware
5760,2024-02-06,3237,STK013,BUY,169,169.0,128.3533665653661,21691.71894954687,Retail,Tuesday,False,False,Mid,Energy,Utilities
1960,2023-05-23,1513,STK006,BUY,187,231.17,117.12933720901484,21903.186058085776,Retail,Tuesday,False,False,High,Energy,Oil & Gas
2977,2023-08-04,351,STK006,BUY,291,267.17625,103.26034394431656,30048.76008779612,Retail,Friday,False,False,High,Energy,Oil & Gas
8681,2024-09-06,3339,STK013,SELL,306,242.7,111.58252276055862,34144.25196473094,Retail,Friday,False,False,Mid,Energy,Utilities
1844,2023-05-15,4747,STK008,SELL,814,197.06,126.89652262528628,103293.76941698304,Retail,Monday,False,False,High,Energy,Oil & Gas
1735,2023-05-04,3588,STK013,BUY,31,180.21,153.75207574407557,4766.314348066343,Retail,Thursday,False,False,Mid,Energy,Utilities
2912,2023-07-31,336,STK020,BUY,115,121.72625000000004,78.37939130794325,9013.630000413474,Retail,Monday,False,False,Mid,Energy,Oil & Gas
8339,2024-08-13,2911,STK013,BUY,50,121.72625000000004,118.65475459186769,5932.737729593384,Institutional,Tuesday,False,False,Mid,Energy,Utilities
1987,2023-05-24,4519,STK019,BUY,75,239.34,52.20802174389749,3915.601630792312,Institutional,Wednesday,False,False,Mid,Energy,Oil & Gas
9562,2024-11-07,4955,STK010,BUY,666,204.2,363.8975185288635,242355.74734022308,Retail,Thursday,False,False,High,Consumer,Retail
6547,2024-04-03,193,STK012,BUY,90,250.98,14.006466015689478,1260.581941412053,Retail,Wednesday,False,False,High,Technology,Hardware
7099,2024-05-14,4955,STK018,BUY,219,204.56,148.74479209964102,32575.109469821382,Retail,Tuesday,False,False,Mid,Technology,Software
2812,2023-07-25,4747,STK012,SELL,69,190.33,17.51323696556858,1208.413350624232,Retail,Tuesday,False,False,High,Technology,Hardware
660,2023-02-15,2372,STK001,BUY,166,152.0,129.39180123034816,21479.039004237795,Retail,Wednesday,False,False,Low,Energy,Utilities
2512,2023-07-03,3529,STK006,BUY,147,147.0,107.09012109982824,15742.247801674752,Retail,Monday,False,False,High,Energy,Oil & Gas
4283,2023-11-07,3588,STK012,SELL,118,179.36,12.840866388454808,1515.2222338376673,Retail,Tuesday,False,False,High,Technology,Hardware
9340,2024-10-22,182,STK002,BUY,33,267.17625,341.4603708039052,11268.192236528872,Retail,Tuesday,False,False,Low,Consumer,Retail
8801,2024-09-16,845,STK012,SELL,402,186.59,6.820225276854415,2741.7305612954747,Retail,Monday,False,False,High,Technology,Hardware
6288,2024-03-15,4747,STK017,BUY,6,201.3,129.69247446122458,778.1548467673474,Retail,Friday,False,False,Mid,Healthcare,Pharmaceuticals
1931,2023-05-19,193,STK011,BUY,144,197.61,89.10130291687722,12830.58762003032,Retail,Friday,False,False,Mid,Finance,Asset Management
7126,2024-05-16,4955,STK009,BUY,68,204.23,411.3168874712632,27969.548348045897,Retail,Thursday,False,False,High,Technology,Hardware
198,2023-01-16,1422,STK006,BUY,257,257.0,141.99970167136874,36493.923329541765,Retail,Monday,False,False,High,Energy,Oil & Gas
7778,2024-07-02,4747,STK018,SELL,100,202.33,112.844563127826,11284.4563127826,Retail,Tuesday,False,False,Mid,Technology,Software
2932,2023-08-01,4747,STK020,BUY,356,189.91,78.37939130794325,27903.0633056278,Retail,Tuesday,False,False,Mid,Energy,Oil & Gas
8005,2024-07-18,2352,STK009,BUY,68,195.06,446.7271015648355,30377.442906408814,Retail,Thursday,False,False,High,Technology,Hardware
2328,2023-06-16,1575,STK008,BUY,58,121.72625000000004,102.64351215168718,5953.323704797856,Retail,Friday,False,False,High,Energy,Oil & Gas
4390,2023-11-14,366,STK006,SELL,93,183.7,81.00593305496719,7533.551774111948,Retail,Tuesday,False,False,High,Energy,Oil & Gas
8959,2024-09-26,474,STK009,SELL,214,208.04,456.7223870194316,97738.59082215837,Retail,Thursday,False,False,High,Technology,Hardware
4219,2023-11-02,3938,STK006,BUY,32,203.51,89.89145924326947,2876.526695784623,Retail,Thursday,False,False,High,Energy,Oil & Gas
203,2023-01-16,193,STK006,SELL,327,172.77,141.99970167136874,46433.90244653758,Retail,Monday,False,False,High,Energy,Oil & Gas
3511,2023-09-12,4747,STK006,BUY,493,201.29,109.5404733047936,54003.453339263244,Retail,Tuesday,False,False,High,Energy,Oil & Gas
4932,2023-12-18,3938,STK013,SELL,84,202.39,129.4577390611346,10874.450081135306,Retail,Monday,False,False,Mid,Energy,Utilities
5536,2024-01-23,1785,STK018,BUY,458,267.17625,192.26577432381487,88057.7246403072,Retail,Tuesday,False,False,Mid,Technology,Software
5792,2024-02-08,4955,STK012,BUY,96,211.53,12.420674027580414,1192.3847066477197,Retail,Thursday,False,False,High,Technology,Hardware
1708,2023-05-03,193,STK008,BUY,472,204.57,124.4318438181802,58731.83028218105,Retail,Wednesday,False,False,High,Energy,Oil & Gas
5173,2024-01-02,4747,STK006,BUY,134,204.97,113.82687288043216,15252.800965977909,Retail,Tuesday,False,False,High,Energy,Oil & Gas
5250,2024-01-05,193,STK008,SELL,68,257.71,147.49016516528408,10029.331231239317,Retail,Friday,False,False,High,Energy,Oil & Gas
6529,2024-04-03,1513,STK003,BUY,76,180.82,22.97955954174423,1746.4465251725615,Retail,Wednesday,False,False,Low,Technology,Software
9849,2024-11-28,4747,STK003,BUY,44,205.58,32.4715814661157,1428.749584509091,Retail,Thursday,False,False,Low,Technology,Software
5856,2024-02-13,4747,STK020,SELL,55,200.4,49.306205033808496,2711.841276859467,Retail,Tuesday,False,False,Mid,Energy,Oil & Gas
8165,2024-08-01,193,STK006,BUY,142,251.39,48.420488787416296,6875.709407813114,Retail,Thursday,False,False,High,Energy,Oil & Gas
855,2023-03-02,2643,STK006,BUY,106,121.72625000000004,147.95241021495696,15682.955482785437,Institutional,Thursday,False,False,High,Energy,Oil & Gas
4738,2023-12-06,227,STK009,SELL,325,212.62,418.8983822859481,136141.97424293312,Retail,Wednesday,False,False,High,Technology,Hardware
699,2023-02-17,1157,STK012,SELL,178,234.1,26.31273932769021,4683.667600328858,Retail,Friday,False,False,High,Technology,Hardware
3697,2023-09-25,4704,STK006,BUY,206,206.0,121.11907815542276,24950.530100017088,Retail,Monday,False,False,High,Energy,Oil & Gas
1637,2023-04-27,4130,STK013,BUY,66,121.72625000000004,153.97288241306293,10162.210239262153,Retail,Thursday,False,False,Mid,Energy,Utilities
7281,2024-05-28,3252,STK012,SELL,39,121.72625000000004,9.614739260750277,374.97483116926077,Retail,Tuesday,False,False,High,Technology,Hardware
7555,2024-06-17,1902,STK012,BUY,59,168.4,8.741299882642942,515.7366930759335,Retail,Monday,False,False,High,Technology,Hardware
3582,2023-09-15,3938,STK013,SELL,70,188.22,129.85095930285027,9089.567151199519,Retail,Friday,False,False,Mid,Energy,Utilities
1292,2023-04-04,4023,STK006,SELL,129,258.15,135.81893316687734,17520.642378527176,Retail,Tuesday,False,False,High,Energy,Oil & Gas
6586,2024-04-05,2413,STK017,BUY,73,121.72625000000004,118.58575260467472,8656.759940141255,Retail,Friday,False,False,Mid,Healthcare,Pharmaceuticals
1854,2023-05-15,4955,STK017,BUY,186,216.66,156.5793517580934,29123.75942700537,Retail,Monday,False,False,Mid,Healthcare,Pharmaceuticals
5233,2024-01-04,4747,STK012,SELL,354,206.14,11.532331710939005,4082.4454256724075,Retail,Thursday,False,False,High,Technology,Hardware
3764,2023-09-29,4747,STK006,BUY,246,204.29,117.06401838296146,28797.74852220852,Retail,Friday,False,False,High,Energy,Oil & Gas
3305,2023-08-29,615,STK006,BUY,152,160.0,114.65468380071192,17427.511937708212,Retail,Tuesday,False,True,High,Energy,Oil & Gas
1496,2023-04-17,4716,STK010,BUY,199,225.29,137.1283950583756,27288.550616616743,Retail,Monday,False,False,High,Consumer,Retail
7995,2024-07-17,537,STK020,BUY,13,121.72625000000004,49.08184416083835,638.0639740908986,Retail,Wednesday,False,False,Mid,Energy,Oil & Gas
1999,2023-05-25,4747,STK012,BUY,322,199.54,19.27818466978828,6207.575463671827,Retail,Thursday,False,False,High,Technology,Hardware
664,2023-02-15,4747,STK006,BUY,112,146.54,119.0282282325454,13331.161562045085,Retail,Wednesday,False,False,High,Energy,Oil & Gas
3749,2023-09-28,4955,STK008,SELL,355,209.63,129.84133840644748,46093.67513428885,Retail,Thursday,False,False,High,Energy,Oil & Gas
4414,2023-11-15,193,STK020,BUY,189,267.17625,51.92188785314399,9813.236804244214,Retail,Wednesday,False,False,Mid,Energy,Oil & Gas
5531,2024-01-23,4747,STK012,BUY,226,203.15,11.909603351831729,2691.5703575139705,Retail,Tuesday,False,False,High,Technology,Hardware
5576,2024-01-25,4955,STK010,BUY,550,209.49,221.6911650997036,121930.14080483698,Retail,Thursday,False,False,High,Consumer,Retail
8902,2024-09-23,4955,STK012,SELL,1097,206.49,7.59740049201594,8334.348339741486,Retail,Monday,False,False,High,Technology,Hardware
7527,2024-06-13,1717,STK009,BUY,248,248.0,643.4399901898094,159573.1175670727,Retail,Thursday,False,False,High,Technology,Hardware
9475,2024-10-31,2093,STK006,BUY,162,267.17625,53.83484706237653,8721.245224104998,Retail,Thursday,False,False,High,Energy,Oil & Gas
5865,2024-02-14,4023,STK012,SELL,85,185.11,12.365379167811758,1051.0572292639995,Retail,Wednesday,False,False,High,Technology,Hardware
6777,2024-04-22,2035,STK004,BUY,56,121.72625000000004,85.3854482898425,4781.58510423118,Retail,Monday,False,False,Low,Finance,Asset Management
1307,2023-04-04,193,STK013,BUY,79,182.81,148.87591023177336,11761.196908310096,Retail,Tuesday,False,False,Mid,Energy,Utilities
7393,2024-06-05,2716,STK006,SELL,58,131.27,48.95643664828199,2839.4733256003556,Retail,Wednesday,False,False,High,Energy,Oil & Gas
5593,2024-01-26,4955,STK003,SELL,32,211.06,22.84593570942037,731.0699427014519,Retail,Friday,False,False,Low,Technology,Software
9722,2024-11-20,1513,STK010,SELL,341,195.3,395.04503716393134,134710.35767290057,Retail,Wednesday,False,False,High,Consumer,Retail
1664,2023-04-28,1294,STK019,BUY,160,160.0,67.48201941428009,10797.123106284815,Retail,Friday,False,False,Mid,Energy,Oil & Gas
5451,2024-01-18,2739,STK006,BUY,178,178.0,143.38070641717357,25521.765742256895,Retail,Thursday,False,False,High,Energy,Oil & Gas
9955,2024-12-03,4955,STK020,BUY,11,206.12,60.36010944001481,663.9612038401629,Retail,Tuesday,False,False,Mid,Energy,Oil & Gas
3628,2023-09-20,4747,STK001,SELL,2,203.98,58.93006169556404,117.86012339112808,Retail,Wednesday,False,False,Low,Energy,Utilities
2694,2023-07-17,4955,STK001,SELL,24,204.15,64.08242211833704,1537.9781308400889,Retail,Monday,False,False,Low,Energy,Utilities
9790,2024-11-25,1513,STK012,SELL,100,194.47,7.334003914691911,733.400391469191,Retail,Monday,False,False,High,Technology,Hardware
5916,2024-02-19,1135,STK011,BUY,87,121.72625000000004,78.00695734277332,6786.605288821279,Retail,Monday,False,False,Mid,Finance,Asset Management
3158,2023-08-17,2716,STK012,BUY,122,121.72625000000004,15.08587776991179,1840.4770879292382,Retail,Thursday,False,False,High,Technology,Hardware
6669,2024-04-11,1976,STK013,BUY,797,267.17625,115.97214013927795,92429.79569100453,Retail,Thursday,False,False,Mid,Energy,Utilities
1060,2023-03-16,4024,STK013,BUY,53,121.72625000000004,156.09382170894733,8272.972550574208,Retail,Thursday,False,False,Mid,Energy,Utilities
4637,2023-11-29,4664,STK020,BUY,295,267.17625,50.679553472493446,14950.468274385566,Retail,Wednesday,False,False,Mid,Energy,Oil & Gas
3243,2023-08-24,4955,STK005,BUY,64,201.51,77.30643204974318,4947.6116511835635,Retail,Thursday,False,False,Low,Energy,Renewables
1679,2023-05-01,4955,STK013,SELL,55,213.35,152.4953483818828,8387.244161003553,Retail,Monday,False,False,Mid,Energy,Utilities
6893,2024-04-30,3588,STK009,BUY,395,185.59,394.4039084238182,155789.5438274082,Retail,Tuesday,False,False,High,Technology,Hardware
6375,2024-03-22,4372,STK010,BUY,99,121.72625000000004,287.8988252073372,28501.983695526385,Retail,Friday,False,False,High,Consumer,Retail
7575,2024-06-18,4902,STK018,BUY,85,155.0,118.19684286519691,10046.731643541738,Retail,Tuesday,False,False,Mid,Technology,Software
1758,2023-05-08,4747,STK002,BUY,86,196.16,150.4477859619064,12938.509592723949,Retail,Monday,False,False,Low,Consumer,Retail
6020,2024-02-27,2569,STK009,BUY,125,125.0,414.7694992901009,51846.18741126261,Retail,Tuesday,False,False,High,Technology,Hardware
5117,2023-12-28,2426,STK013,SELL,132,172.1,127.45162299575868,16823.614235440145,Retail,Thursday,False,False,Mid,Energy,Utilities
8756,2024-09-12,748,STK006,SELL,457,267.17625,42.17005149438575,19271.71353293429,Retail,Thursday,False,False,High,Energy,Oil & Gas
7409,2024-06-05,193,STK017,SELL,25,256.77,140.65562045888512,3516.3905114721283,Retail,Wednesday,False,False,Mid,Healthcare,Pharmaceuticals
2791,2023-07-24,1513,STK012,SELL,117,203.96,16.90729764976499,1978.1538250225037,Retail,Monday,False,False,High,Technology,Hardware
864,2023-03-02,4955,STK012,BUY,75,210.54,23.79877135947214,1784.9078519604107,Retail,Thursday,False,False,High,Technology,Hardware
7859,2024-07-09,77,STK006,BUY,258,258.0,45.80250999035048,11817.047577510424,Retail,Tuesday,False,False,High,Energy,Oil & Gas
1485,2023-04-17,4955,STK001,SELL,57,216.1,120.77451338037623,6884.147262681446,Retail,Monday,False,False,Low,Energy,Utilities
7036,2024-05-09,366,STK012,BUY,42,226.17,10.401770308772871,436.8743529684606,Retail,Thursday,False,False,High,Technology,Hardware
7722,2024-06-27,4955,STK018,BUY,61,206.07,112.08788006346894,6837.360683871606,Retail,Thursday,False,False,Mid,Technology,Software
5978,2024-02-23,4747,STK006,SELL,355,202.34,88.48960428822228,31413.80952231891,Retail,Friday,False,False,High,Energy,Oil & Gas
5135,2023-12-29,2821,STK011,BUY,137,137.0,79.57724359045639,10902.082371892526,Retail,Friday,False,False,Mid,Finance,Asset Management
207,2023-01-16,443,STK009,BUY,452,267.17625,219.76264058290644,99332.71354347371,Institutional,Monday,False,False,High,Technology,Hardware
4489,2023-11-21,3938,STK013,BUY,24,205.11,129.04688678738407,3097.1252828972174,Retail,Tuesday,False,False,Mid,Energy,Utilities
6939,2024-05-02,4660,STK020,BUY,180,211.75,50.700545072222,9126.09811299996,Retail,Thursday,False,False,Mid,Energy,Oil & Gas
9063,2024-10-02,4,STK018,SELL,191,225.62,133.74755131586798,25545.782301330783,Retail,Wednesday,False,False,Mid,Technology,Software
6911,2024-05-01,193,STK006,BUY,185,250.67,59.94536183638906,11089.891939731977,Retail,Wednesday,False,False,High,Energy,Oil & Gas
503,2023-02-02,726,STK006,BUY,166,166.0,135.17732682089374,22439.436252268362,Retail,Thursday,False,False,High,Energy,Oil & Gas
7386,2024-06-04,4955,STK013,BUY,25,206.7,122.97577574236954,3074.3943935592383,Retail,Tuesday,False,False,Mid,Energy,Utilities
1029,2023-03-15,227,STK006,SELL,64,162.4,139.9264320686406,8955.291652392998,Retail,Wednesday,False,False,High,Energy,Oil & Gas
3841,2023-10-05,4747,STK009,BUY,43,206.28,355.80583610494267,15299.650952512535,Retail,Thursday,False,False,High,Technology,Hardware
8111,2024-07-25,2352,STK019,BUY,42,186.56,34.73015838287668,1458.6666520808205,Retail,Thursday,False,False,Mid,Energy,Oil & Gas
5057,2023-12-25,4955,STK017,BUY,277,205.58,133.2166344933054,36901.007754645594,Retail,Monday,False,False,Mid,Healthcare,Pharmaceuticals
9763,2024-11-22,366,STK012,SELL,345,250.27,7.328374857808106,2528.2893259437965,Retail,Friday,False,False,High,Technology,Hardware
8155,2024-07-31,193,STK013,BUY,76,252.21,113.9056573055268,8656.829955220037,Retail,Wednesday,False,False,Mid,Energy,Utilities
2732,2023-07-19,299,STK007,BUY,215,215.0,142.97940739412488,30740.57258973685,Retail,Wednesday,False,False,Mid,Energy,Oil & Gas
8997,2024-09-30,4011,STK006,BUY,88,121.72625000000004,40.39178384368277,3554.4769782440835,Retail,Monday,False,False,High,Energy,Oil & Gas
2455,2023-06-28,3266,STK006,BUY,45,121.72625000000004,116.36229324442628,5236.303195999183,Retail,Wednesday,False,False,High,Energy,Oil & Gas
7216,2024-05-23,845,STK009,BUY,488,189.38,529.1891303443109,258244.29560802373,Retail,Thursday,False,False,High,Technology,Hardware
3105,2023-08-15,4747,STK006,BUY,382,189.36,116.56681694454412,44528.52407281585,Retail,Tuesday,False,False,High,Energy,Oil & Gas
8393,2024-08-16,193,STK018,SELL,67,249.89,93.199728336172,6244.381798523524,Retail,Friday,False,False,Mid,Technology,Software
6279,2024-03-15,3725,STK009,BUY,126,126.0,455.7115314167408,57419.65295850934,Retail,Friday,False,False,High,Technology,Hardware
3100,2023-08-14,4747,STK018,BUY,134,189.03,176.06942617381262,23593.30310729089,Retail,Monday,False,False,Mid,Technology,Software
6185,2024-03-08,2701,STK012,BUY,29,121.72625000000004,11.702717440502411,339.3788057745699,Retail,Friday,False,False,High,Technology,Hardware
3562,2023-09-14,845,STK013,SELL,58,170.14,131.0201100770042,7599.1663844662435,Retail,Thursday,False,False,Mid,Energy,Utilities
5893,2024-02-16,1157,STK005,BUY,67,191.93,101.75122835597404,6817.332299850261,Retail,Friday,False,False,Low,Energy,Renewables
392,2023-01-25,4747,STK018,SELL,11,162.34,107.15382478722634,1178.6920726594897,Retail,Wednesday,False,False,Mid,Technology,Software
6737,2024-04-18,1888,STK006,BUY,63,121.72625000000004,57.57392591191407,3627.157332450586,Retail,Thursday,False,False,High,Energy,Oil & Gas
5619,2024-01-29,1185,STK007,BUY,369,267.17625,159.48845245207633,58851.23895481617,Institutional,Monday,False,False,Mid,Energy,Oil & Gas
5259,2024-01-05,4955,STK012,BUY,64,207.04,11.360302687873222,727.0593720238862,Retail,Friday,False,False,High,Technology,Hardware
9688,2024-11-18,4747,STK013,SELL,39,204.21,94.4193469509366,3682.3545310865275,Retail,Monday,False,False,Mid,Energy,Utilities
2696,2023-07-17,4747,STK002,BUY,10,189.54,170.11113468618387,1701.1113468618387,Retail,Monday,False,False,Low,Consumer,Retail
2028,2023-05-26,3669,STK019,BUY,51,121.72625000000004,56.153765944930605,2863.842063191461,Retail,Friday,False,False,Mid,Energy,Oil & Gas
5464,2024-01-18,2735,STK013,BUY,75,164.25,126.07495225573344,9455.621419180008,Retail,Thursday,False,False,Mid,Energy,Utilities
2569,2023-07-06,3588,STK006,SELL,107,163.65,103.94079435360898,11121.664995836161,Retail,Thursday,False,False,High,Energy,Oil & Gas
8007,2024-07-18,3588,STK012,SELL,81,185.93,9.018152767342784,730.4703741547655,Retail,Thursday,False,False,High,Technology,Hardware
65,2023-01-04,4747,STK013,SELL,18,200.27,157.0222345438498,2826.4002217892967,Retail,Wednesday,False,False,Mid,Energy,Utilities
2063,2023-05-30,4955,STK013,SELL,20,208.05,152.94993717655865,3058.998743531173,Retail,Tuesday,False,False,Mid,Energy,Utilities
5277,2024-01-08,4747,STK010,BUY,157,205.18,188.58884728054105,29608.449023044945,Retail,Monday,False,False,High,Consumer,Retail
7209,2024-05-22,4955,STK013,SELL,99,203.02,127.69580433137205,12641.884628805832,Retail,Wednesday,False,False,Mid,Energy,Utilities
8685,2024-09-09,871,STK004,BUY,51,267.17625,72.29938296091113,3687.2685310064676,Retail,Monday,False,False,Low,Finance,Asset Management
8572,2024-08-29,3363,STK018,BUY,94,195.57,100.6083258683627,9457.182631626094,Retail,Thursday,False,False,Mid,Technology,Software
6332,2024-03-20,2988,STK002,BUY,63,233.24,280.0277983084585,17641.751293432884,Retail,Wednesday,False,False,Low,Consumer,Retail
4860,2023-12-13,637,STK012,SELL,22,196.09,12.456759424208885,274.0487073325955,Retail,Wednesday,False,False,High,Technology,Hardware
4888,2023-12-14,4747,STK018,BUY,36,207.88,220.0146081289464,7920.52589264207,Retail,Thursday,False,False,Mid,Technology,Software
9269,2024-10-16,232,STK018,BUY,53,121.72625000000004,143.95049211891995,7629.376082302758,Retail,Wednesday,False,False,Mid,Technology,Software
879,2023-03-03,4427,STK009,BUY,142,142.0,281.516920579552,39975.402722296385,Retail,Friday,False,False,High,Technology,Hardware
8530,2024-08-28,4572,STK003,BUY,45,121.72625000000004,19.293402152486376,868.2030968618869,Retail,Wednesday,False,False,Low,Technology,Software
7917,2024-07-12,4519,STK006,BUY,235,215.12,44.36452689080487,10425.663819339145,Institutional,Friday,False,False,High,Energy,Oil & Gas
6864,2024-04-26,4747,STK018,SELL,53,203.22,137.7017656062765,7298.193577132654,Retail,Friday,False,False,Mid,Technology,Software
7893,2024-07-10,802,STK016,BUY,56,184.5,124.43350388554484,6968.276217590511,Retail,Wednesday,False,False,Low,Energy,Renewables
6440,2024-03-27,4697,STK012,BUY,964,267.17625,13.93553756440395,13433.858212085408,Retail,Wednesday,False,False,High,Technology,Hardware
7870,2024-07-09,4747,STK013,BUY,67,201.82,114.11672496285156,7645.820572511055,Retail,Tuesday,False,False,Mid,Energy,Utilities
1017,2023-03-14,3588,STK006,BUY,233,172.68,144.44630100788152,33655.98813483639,Retail,Tuesday,False,False,High,Energy,Oil & Gas
9468,2024-10-30,3960,STK018,BUY,194,198.5,142.8815296177431,27719.01674584216,Retail,Wednesday,False,False,Mid,Technology,Software
7630,2024-06-20,1157,STK018,BUY,336,196.18,110.85438606190311,37247.073716799445,Retail,Thursday,False,False,Mid,Technology,Software
996,2023-03-13,4955,STK009,BUY,227,221.69,342.80881958453773,77817.60204569006,Retail,Monday,False,False,High,Technology,Hardware
4298,2023-11-08,4747,STK009,SELL,811,202.04,345.5382770929658,280231.5427223953,Retail,Wednesday,False,False,High,Technology,Hardware
162,2023-01-12,3588,STK006,BUY,479,144.25,141.46921865197703,67763.755734297,Retail,Thursday,False,False,High,Energy,Oil & Gas
5676,2024-01-31,3588,STK013,SELL,82,180.24,127.66263422220604,10468.336006220896,Retail,Wednesday,False,False,Mid,Energy,Utilities
6874,2024-04-29,3339,STK008,BUY,329,262.43,128.3158016932715,42215.898757086325,Retail,Monday,False,False,High,Energy,Oil & Gas
9693,2024-11-18,4747,STK018,SELL,86,204.04,139.19637827006224,11970.888531225353,Retail,Monday,False,False,Mid,Technology,Software
7990,2024-07-17,2426,STK012,SELL,62,193.09,9.288516207457793,575.8880048623831,Retail,Wednesday,False,False,High,Technology,Hardware
3844,2023-10-05,4519,STK009,SELL,171,212.05,355.80583610494267,60842.7979739452,Institutional,Thursday,False,False,High,Technology,Hardware
1022,2023-03-14,3772,STK012,BUY,95,133.67,22.42090207398173,2129.9856970282644,Retail,Tuesday,False,False,High,Technology,Hardware
3074,2023-08-11,4747,STK013,BUY,58,189.42,139.57779526173937,8095.512125180883,Retail,Friday,False,False,Mid,Energy,Utilities
7556,2024-06-17,4955,STK012,BUY,414,206.18,8.741299882642942,3618.898151414178,Retail,Monday,False,False,High,Technology,Hardware
3944,2023-10-13,3938,STK010,SELL,331,200.06,136.10633536615774,45051.197006198214,Retail,Friday,False,False,High,Consumer,Retail
1586,2023-04-24,4747,STK015,SELL,12,204.71,18.84136370320552,226.09636443846625,Retail,Monday,False,False,Low,Energy,Utilities
3153,2023-08-17,3843,STK009,BUY,29,121.72625000000004,360.3490798790773,10450.123316493242,Retail,Thursday,False,False,High,Technology,Hardware
8227,2024-08-05,487,STK013,BUY,101,129.5,114.30286766104066,11544.589633765107,Retail,Monday,False,False,Mid,Energy,Utilities
776,2023-02-23,4747,STK012,BUY,247,155.61,24.44636041801456,6038.251023249596,Retail,Thursday,False,False,High,Technology,Hardware
9671,2024-11-15,4747,STK012,BUY,63,204.37,6.673394785168844,420.42387146563715,Retail,Friday,False,False,High,Technology,Hardware
7100,2024-05-15,4519,STK003,SELL,10,212.97,18.534023764284367,185.34023764284368,Institutional,Wednesday,False,True,Low,Technology,Software
5487,2024-01-19,575,STK018,BUY,317,267.17625,189.7324047815683,60145.172315757154,Retail,Friday,False,False,Mid,Technology,Software
6236,2024-03-13,4747,STK009,SELL,225,201.72,457.5657886910744,102952.30245549174,Retail,Wednesday,False,False,High,Technology,Hardware
9556,2024-11-07,1513,STK008,BUY,198,197.29,147.93606787989418,29291.341440219046,Retail,Thursday,False,False,High,Energy,Oil & Gas
7042,2024-05-09,4747,STK018,SELL,89,203.12,134.78251554211198,11995.643883247967,Retail,Thursday,False,False,Mid,Technology,Software
2613,2023-07-10,3938,STK011,BUY,102,181.02,81.5934918947706,8322.5361732666,Retail,Monday,False,False,Mid,Finance,Asset Management
7514,2024-06-12,2008,STK018,BUY,92,121.72625000000004,107.8492170950018,9922.127972740165,Retail,Wednesday,False,False,Mid,Technology,Software
8434,2024-08-21,4700,STK006,BUY,159,190.0,44.13522108684664,7017.500152808616,Institutional,Wednesday,False,False,High,Energy,Oil & Gas
8793,2024-09-16,4955,STK006,SELL,645,205.94,45.69477335101958,29473.128811407627,Retail,Monday,False,False,High,Energy,Oil & Gas
5394,2024-01-16,4747,STK001,BUY,28,204.81,67.00750991990067,1876.2102777572188,Retail,Tuesday,False,False,Low,Energy,Utilities
8839,2024-09-18,845,STK007,SELL,8,184.68,136.7800733597085,1094.240586877668,Retail,Wednesday,False,False,Mid,Energy,Oil & Gas
3891,2023-10-09,4815,STK020,BUY,68,121.72625000000004,58.81206692369402,3999.2205508111933,Retail,Monday,False,False,Mid,Energy,Oil & Gas
3557,2023-09-14,653,STK011,BUY,130,242.09,84.11394008340862,10934.812210843122,Retail,Thursday,False,False,Mid,Finance,Asset Management
1529,2023-04-19,182,STK006,BUY,166,267.17625,130.76159233694233,21706.424327932426,Retail,Wednesday,False,False,High,Energy,Oil & Gas
1268,2023-03-31,4955,STK018,BUY,163,215.36,163.50110359833866,26650.6798865292,Retail,Friday,False,False,Mid,Technology,Software
7735,2024-06-28,4747,STK012,SELL,614,202.56,9.54097574317378,5858.159106308701,Retail,Friday,False,False,High,Technology,Hardware
1900,2023-05-18,193,STK006,BUY,239,198.0,120.98492275794696,28915.396539149322,Retail,Thursday,False,False,High,Energy,Oil & Gas
4659,2023-11-30,1513,STK020,SELL,134,175.56,50.92671705264331,6824.180085054204,Retail,Thursday,False,False,Mid,Energy,Oil & Gas
3006,2023-08-07,193,STK018,BUY,315,230.66,170.8396582992876,53814.4923642756,Retail,Monday,False,False,Mid,Technology,Software
2735,2023-07-19,4519,STK011,BUY,234,212.09,85.6265474837203,20036.612111190552,Institutional,Wednesday,False,False,Mid,Finance,Asset Management
190,2023-01-13,4747,STK006,BUY,94,207.41,144.5340813187369,13586.203643961268,Retail,Friday,False,False,High,Energy,Oil & Gas
9168,2024-10-09,2821,STK012,SELL,109,170.67,7.734651774456045,843.0770434157089,Retail,Wednesday,False,False,High,Technology,Hardware
2748,2023-07-20,48,STK009,BUY,42,121.72625000000004,360.1486064946719,15126.24147277622,Retail,Thursday,False,False,High,Technology,Hardware
2048,2023-05-29,4747,STK018,BUY,98,199.29,189.70988327361604,18591.568560814372,Retail,Monday,False,False,Mid,Technology,Software
7850,2024-07-08,4747,STK018,BUY,52,202.11,107.44490687539005,5587.1351575202825,Retail,Monday,False,False,Mid,Technology,Software
2559,2023-07-05,3588,STK012,SELL,95,164.8,19.48543484679733,1851.1163104457462,Retail,Wednesday,False,False,High,Technology,Hardware
9275,2024-10-17,2779,STK006,BUY,419,174.25,44.502217705526085,18646.42921861543,Retail,Thursday,False,False,High,Energy,Oil & Gas
8667,2024-09-06,4747,STK008,SELL,265,202.05,128.87846772676176,34152.79394759187,Retail,Friday,False,False,High,Energy,Oil & Gas
6397,2024-03-25,3588,STK013,BUY,219,181.52,122.30404041412966,26784.584850694395,Retail,Monday,False,False,Mid,Energy,Utilities
3386,2023-09-04,2426,STK002,BUY,118,174.11,168.88964967833493,19928.978662043522,Retail,Monday,False,False,Low,Consumer,Retail
4556,2023-11-24,319,STK010,BUY,180,267.17625,156.44698468027923,28160.457242450262,Retail,Friday,False,False,High,Consumer,Retail
1185,2023-03-24,3938,STK020,SELL,121,199.87,72.92816015985434,8824.307379342375,Retail,Friday,False,False,Mid,Energy,Oil & Gas
6421,2024-03-26,3961,STK012,BUY,110,267.17625,13.942302467096964,1533.653271380666,Retail,Tuesday,False,False,High,Technology,Hardware
5052,2023-12-25,1185,STK013,BUY,224,267.17625,129.15214034177714,28930.07943655808,Institutional,Monday,False,False,Mid,Energy,Utilities
5312,2024-01-10,3588,STK006,SELL,6,178.03,126.98008165742507,761.8804899445504,Retail,Wednesday,False,False,High,Energy,Oil & Gas
2434,2023-06-27,1513,STK006,SELL,181,210.68,117.902389548198,21340.332508223837,Retail,Tuesday,False,False,High,Energy,Oil & Gas
6950,2024-05-03,4628,STK009,BUY,228,267.17625,412.5646900403818,94064.74932920704,Retail,Friday,False,False,High,Technology,Hardware
770,2023-02-23,4747,STK010,SELL,75,154.91,173.7227075342744,13029.20306507058,Retail,Thursday,False,False,High,Consumer,Retail
1686,2023-05-01,4955,STK019,BUY,91,212.63,66.73409350582617,6072.802509030181,Retail,Monday,False,False,Mid,Energy,Oil & Gas
8323,2024-08-12,4955,STK018,BUY,48,204.01,94.28405880511885,4525.634822645705,Retail,Monday,False,False,Mid,Technology,Software
5579,2024-01-25,4955,STK012,SELL,38,209.16,11.957452779404068,454.3832056173546,Retail,Thursday,False,False,High,Technology,Hardware
4427,2023-11-16,1718,STK013,BUY,276,124.33,132.35063972067593,36528.776562906554,Retail,Thursday,False,False,Mid,Energy,Utilities
467,2023-01-31,4955,STK012,BUY,201,177.9,27.063391627607302,5439.741717149068,Retail,Tuesday,False,False,High,Technology,Hardware
6266,2024-03-14,4747,STK013,BUY,104,201.24,117.8544025995568,12256.857870353908,Retail,Thursday,False,False,Mid,Energy,Utilities
5735,2024-02-05,3588,STK012,BUY,105,179.93,12.371437257498432,1299.0009120373354,Retail,Monday,False,False,High,Technology,Hardware
5192,2024-01-02,4747,STK018,BUY,287,206.26,206.73071559222737,59331.71537496925,Retail,Tuesday,False,False,Mid,Technology,Software
5391,2024-01-15,4747,STK018,SELL,293,205.07,204.46636420283227,59908.64471142986,Retail,Monday,False,False,Mid,Technology,Software
861,2023-03-02,1513,STK009,BUY,183,206.35,288.95043405879846,52877.92943276012,Retail,Thursday,False,False,High,Technology,Hardware
7271,2024-05-28,677,STK006,SELL,124,255.0,48.34647558908187,5994.962973046152,Retail,Tuesday,False,False,High,Energy,Oil & Gas
